{
  "data_types" : {
    "dt-config-deploy-properties" : {
      "description" : "Dynamic DataType definition for workflow(config-deploy).",
      "version" : "1.0.0",
      "properties" : {
        "vpg_onap_private_ip_0" : {
          "description" : "",
          "required" : false,
          "type" : "string",
          "status" : "",
          "constraints" : [ { } ],
          "entry_schema" : {
            "type" : ""
          }
        },
        "vnf-id" : {
          "description" : "",
          "required" : false,
          "type" : "string",
          "status" : "",
          "constraints" : [ { } ],
          "entry_schema" : {
            "type" : ""
          }
        },
        "service-instance-id" : {
          "description" : "",
          "required" : false,
          "type" : "string",
          "status" : "",
          "constraints" : [ { } ],
          "entry_schema" : {
            "type" : ""
          }
        },
        "active-streams" : {
          "description" : "",
          "required" : false,
          "type" : "string",
          "status" : "",
          "constraints" : [ { } ],
          "entry_schema" : {
            "type" : ""
          }
        },
        "put-active-streams" : {
          "description" : "",
          "required" : false,
          "type" : "string",
          "status" : "",
          "constraints" : [ { } ],
          "entry_schema" : {
            "type" : ""
          }
        }
      },
      "derived_from" : "tosca.datatypes.Dynamic"
    },
    "dt-resource-assignment-properties" : {
      "description" : "Dynamic DataType definition for workflow(resource-assignment).",
      "version" : "1.0.0",
      "properties" : {
        "vf-module-name" : {
          "description" : "",
          "required" : false,
          "type" : "string",
          "status" : "",
          "constraints" : [ { } ],
          "default" : "${vf-module-name}",
          "entry_schema" : {
            "type" : ""
          }
        },
        "private1-prefix-id" : {
          "description" : "",
          "required" : false,
          "type" : "string",
          "status" : "",
          "constraints" : [ { } ],
          "entry_schema" : {
            "type" : ""
          }
        },
        "vnf-id" : {
          "description" : "",
          "required" : false,
          "type" : "string",
          "status" : "",
          "constraints" : [ { } ],
          "entry_schema" : {
            "type" : ""
          }
        },
        "vsn_flavor_name" : {
          "description" : "",
          "required" : false,
          "type" : "string",
          "status" : "",
          "constraints" : [ { } ],
          "entry_schema" : {
            "type" : ""
          }
        },
        "vfw_int_private2_ip_0" : {
          "description" : "",
          "required" : false,
          "type" : "string",
          "status" : "",
          "constraints" : [ { } ],
          "entry_schema" : {
            "type" : ""
          }
        },
        "public_net_id" : {
          "description" : "",
          "required" : false,
          "type" : "string",
          "status" : "",
          "constraints" : [ { } ],
          "entry_schema" : {
            "type" : ""
          }
        },
        "int_private1_gw_ip" : {
          "description" : "Private unprotected network gateway ip",
          "type" : "string",
          "default" : "192.168.10.1/24"
        },
        "sec_group" : {
          "description" : "",
          "required" : false,
          "type" : "string",
          "status" : "",
          "constraints" : [ { } ],
          "entry_schema" : {
            "type" : ""
          }
        },
        "nfc-naming-code" : {
          "description" : "",
          "required" : false,
          "type" : "string",
          "status" : "",
          "constraints" : [ { } ],
          "entry_schema" : {
            "type" : ""
          }
        },
        "vnfc-model-invariant-uuid" : {
          "description" : "",
          "required" : false,
          "type" : "string",
          "status" : "",
          "constraints" : [ { } ],
          "entry_schema" : {
            "type" : ""
          }
        },
        "vfw_name_0" : {
          "description" : "",
          "required" : false,
          "type" : "string",
          "status" : "",
          "constraints" : [ { } ],
          "default" : "${vfw_name_0}",
          "entry_schema" : {
            "type" : ""
          }
        },
        "nexus_artifact_repo" : {
          "description" : "",
          "required" : false,
          "type" : "string",
          "status" : "",
          "constraints" : [ { } ],
          "entry_schema" : {
            "type" : ""
          }
        },
        "onap_private_net_cidr" : {
          "description" : "",
          "required" : false,
          "type" : "string",
          "status" : "",
          "constraints" : [ { } ],
          "entry_schema" : {
            "type" : ""
          }
        },
        "vpg_onap_private_ip_0" : {
          "description" : "",
          "required" : false,
          "type" : "string",
          "status" : "",
          "constraints" : [ { } ],
          "default" : "vpg_onap_private_ip_0",
          "entry_schema" : {
            "type" : ""
          }
        },
        "image_name" : {
          "description" : "",
          "required" : false,
          "type" : "string",
          "status" : "",
          "constraints" : [ { } ],
          "entry_schema" : {
            "type" : ""
          }
        },
        "flavor_name" : {
          "description" : "",
          "required" : false,
          "type" : "string",
          "status" : "",
          "constraints" : [ { } ],
          "entry_schema" : {
            "type" : ""
          }
        },
        "dcae_collector_ip" : {
          "description" : "",
          "required" : false,
          "type" : "string",
          "status" : "",
          "constraints" : [ { } ],
          "default" : "10.0.4.1",
          "entry_schema" : {
            "type" : ""
          }
        },
        "vf-module-model-invariant-uuid" : {
          "type" : "string"
        },
        "vpg_name_0" : {
          "description" : "",
          "required" : false,
          "type" : "string",
          "status" : "",
          "constraints" : [ { } ],
          "default" : "${vpg_name_0}",
          "entry_schema" : {
            "type" : ""
          }
        },
        "vf-naming-policy" : {
          "description" : "",
          "required" : false,
          "type" : "string",
          "status" : "",
          "constraints" : [ { } ],
          "entry_schema" : {
            "type" : ""
          }
        },
        "int_private2_net_cidr" : {
          "description" : "",
          "required" : false,
          "type" : "string",
          "status" : "",
          "constraints" : [ { } ],
          "entry_schema" : {
            "type" : ""
          }
        },
        "int_private2_subnet_id" : {
          "description" : "Private protected subnetwork identification",
          "type" : "string",
          "default" : "${int_private2_subnet_id}"
        },
        "vfccustomizationuuid" : {
          "description" : "",
          "required" : false,
          "type" : "string",
          "status" : "",
          "constraints" : [ { } ],
          "entry_schema" : {
            "type" : ""
          }
        },
        "vf-module-model-version" : {
          "type" : "string"
        },
        "k8s-rb-profile-name" : {
          "description" : "Profile name used in multicloud/k8s plugin to identify Helm chart(s) where this mapping is providing override values.",
          "type" : "string"
        },
        "vsn_name_0" : {
          "description" : "",
          "required" : false,
          "type" : "string",
          "status" : "",
          "constraints" : [ { } ],
          "default" : "${vsn_name_0}",
          "entry_schema" : {
            "type" : ""
          }
        },
        "onap_private_net_id" : {
          "description" : "",
          "required" : false,
          "type" : "string",
          "status" : "",
          "constraints" : [ { } ],
          "entry_schema" : {
            "type" : ""
          }
        },
        "demo_artifacts_version" : {
          "description" : "",
          "required" : false,
          "type" : "string",
          "status" : "",
          "constraints" : [ { } ],
          "entry_schema" : {
            "type" : ""
          }
        },
        "vnf-model-customization-uuid" : {
          "description" : "",
          "required" : false,
          "type" : "string",
          "status" : "",
          "constraints" : [ { } ],
          "entry_schema" : {
            "type" : ""
          }
        },
        "vfw_int_private1_ip_0" : {
          "description" : "",
          "required" : false,
          "type" : "string",
          "status" : "",
          "constraints" : [ { } ],
          "default" : "${vfw_int_private1_ip_0}",
          "entry_schema" : {
            "type" : ""
          }
        },
        "key_name" : {
          "description" : "",
          "required" : false,
          "type" : "string",
          "status" : "",
          "constraints" : [ { } ],
          "entry_schema" : {
            "type" : ""
          }
        },
        "install_script_version" : {
          "description" : "",
          "required" : false,
          "type" : "string",
          "status" : "",
          "constraints" : [ { } ],
          "entry_schema" : {
            "type" : ""
          }
        },
        "vfw_image_name" : {
          "description" : "",
          "required" : false,
          "type" : "string",
          "status" : "",
          "constraints" : [ { } ],
          "entry_schema" : {
            "type" : ""
          }
        },
        "vfw_onap_private_ip_0" : {
          "description" : "",
          "required" : false,
          "type" : "string",
          "status" : "",
          "constraints" : [ { } ],
          "default" : "${vfw_onap_private_ip_0}",
          "entry_schema" : {
            "type" : ""
          }
        },
        "int_private2_net_id" : {
          "description" : "Private protected network identification",
          "type" : "string"
        },
        "k8s-rb-profile-namespace" : {
          "description" : "K8s namespace to create helm chart for specified profile",
          "type" : "string",
          "default" : "default"
        },
        "int_private1_subnet_id" : {
          "description" : "Private unprotected subnetwork identification",
          "type" : "string",
          "default" : "${int_private1_subnet_id}"
        },
        "vnf_name" : {
          "description" : "",
          "required" : false,
          "type" : "string",
          "status" : "",
          "constraints" : [ { } ],
          "entry_schema" : {
            "type" : ""
          }
        },
        "onap_private_subnet_id" : {
          "description" : "",
          "required" : false,
          "type" : "string",
          "status" : "",
          "constraints" : [ { } ],
          "entry_schema" : {
            "type" : ""
          }
        },
        "aic-cloud-region" : {
          "description" : "",
          "required" : false,
          "type" : "string",
          "status" : "",
          "constraints" : [ { } ],
          "entry_schema" : {
            "type" : ""
          }
        },
        "vsn_int_private2_ip_0" : {
          "description" : "",
          "required" : false,
          "type" : "string",
          "status" : "",
          "constraints" : [ { } ],
          "entry_schema" : {
            "type" : ""
          }
        },
        "vf-module-model-customization-uuid" : {
          "description" : "",
          "required" : false,
          "type" : "string",
          "status" : "",
          "constraints" : [ { } ],
          "entry_schema" : {
            "type" : ""
          }
        },
        "int_private2_gw_ip" : {
          "description" : "Private protected network gateway ip",
          "type" : "string"
        },
        "vsn_image_name" : {
          "description" : "",
          "required" : false,
          "type" : "string",
          "status" : "",
          "constraints" : [ { } ],
          "entry_schema" : {
            "type" : ""
          }
        },
        "vpg_flavor_name" : {
          "description" : "",
          "required" : false,
          "type" : "string",
          "status" : "",
          "constraints" : [ { } ],
          "entry_schema" : {
            "type" : ""
          }
        },
        "vf-module-id" : {
          "description" : "",
          "required" : false,
          "type" : "string",
          "status" : "",
          "constraints" : [ { } ],
          "entry_schema" : {
            "type" : ""
          }
        },
        "onap_private_gw_ip" : {
          "description" : "Private onap management network gateway ip",
          "type" : "string",
          "default" : "10.10.0.1/16"
        },
        "dcae_collector_port" : {
          "description" : "",
          "required" : false,
          "type" : "string",
          "status" : "",
          "constraints" : [ { } ],
          "default" : "30235",
          "entry_schema" : {
            "type" : ""
          }
        },
        "vf-module-label" : {
          "description" : "",
          "required" : false,
          "type" : "string",
          "status" : "",
          "constraints" : [ { } ],
          "entry_schema" : {
            "type" : ""
          }
        },
        "vfw_int_private2_floating_ip" : {
          "description" : "",
          "required" : false,
          "type" : "string",
          "status" : "",
          "constraints" : [ { } ],
          "entry_schema" : {
            "type" : ""
          }
        },
        "vpg_image_name" : {
          "description" : "",
          "required" : false,
          "type" : "string",
          "status" : "",
          "constraints" : [ { } ],
          "entry_schema" : {
            "type" : ""
          }
        },
        "private2-prefix-id" : {
          "description" : "",
          "required" : false,
          "type" : "string",
          "status" : "",
          "constraints" : [ { } ],
          "entry_schema" : {
            "type" : ""
          }
        },
        "vnfc-model-version" : {
          "description" : "",
          "required" : false,
          "type" : "string",
          "status" : "",
          "constraints" : [ { } ],
          "entry_schema" : {
            "type" : ""
          }
        },
        "service-instance-id" : {
          "description" : "",
          "required" : false,
          "type" : "string",
          "status" : "",
          "constraints" : [ { } ],
          "entry_schema" : {
            "type" : ""
          }
        },
        "vsn_onap_private_ip_0" : {
          "description" : "",
          "required" : false,
          "type" : "string",
          "status" : "",
          "constraints" : [ { } ],
          "default" : "${vsn_onap_private_ip_0}",
          "entry_schema" : {
            "type" : ""
          }
        },
        "vfw_flavor_name" : {
          "description" : "",
          "required" : false,
          "type" : "string",
          "status" : "",
          "constraints" : [ { } ],
          "entry_schema" : {
            "type" : ""
          }
        },
        "vf-module-type" : {
          "description" : "",
          "required" : false,
          "type" : "string",
          "status" : "",
          "constraints" : [ { } ],
          "entry_schema" : {
            "type" : ""
          }
        },
        "pub_key" : {
          "description" : "",
          "required" : false,
          "type" : "string",
          "status" : "",
          "constraints" : [ { } ],
          "entry_schema" : {
            "type" : ""
          }
        },
        "management-prefix-id" : {
          "description" : "",
          "required" : false,
          "type" : "string",
          "status" : "",
          "constraints" : [ { } ],
          "entry_schema" : {
            "type" : ""
          }
        },
        "int_private1_net_cidr" : {
          "description" : "",
          "required" : false,
          "type" : "string",
          "status" : "",
          "constraints" : [ { } ],
          "entry_schema" : {
            "type" : ""
          }
        },
        "vpg_int_private1_ip_0" : {
          "description" : "",
          "required" : false,
          "type" : "string",
          "status" : "",
          "constraints" : [ { } ],
          "default" : "${vpg_int_private1_ip_0}",
          "entry_schema" : {
            "type" : ""
          }
        },
        "cloud_env" : {
          "description" : "",
          "required" : false,
          "type" : "string",
          "status" : "",
          "constraints" : [ { } ],
          "default" : "openstack",
          "entry_schema" : {
            "type" : ""
          }
        },
        "int_private1_net_id" : {
          "description" : "Private unprotected network identification",
          "type" : "string",
          "default" : "${int_private1_net_id}"
        }
      },
      "derived_from" : "tosca.datatypes.Dynamic"
    }
  }
}