{
  "active-streams" : {
    "tags" : "active-streams",
    "name" : "active-streams",
    "property" : {
      "description" : "active-streams",
      "type" : "string"
    },
    "group" : "default",
    "updated-by" : "MALAKOV, YURIY <yuriy.malakov@att.com>",
    "sources" : {
      "input" : {
        "type" : "source-input"
      },
      "default" : {
        "type" : "source-default",
        "properties" : { }
      }
    }
  },
  "aic-cloud-region" : {
    "tags" : "aic-cloud-region",
    "name" : "aic-cloud-region",
    "property" : {
      "description" : "aic-cloud-region",
      "type" : "string"
    },
    "group" : "default",
    "updated-by" : "Singal, Kapil <ks220y@att.com>",
    "sources" : {
      "input" : {
        "type" : "source-input",
        "properties" : { }
      }
    }
  },
  "cloud_env" : {
    "tags" : "cloud_env",
    "name" : "cloud_env",
    "property" : {
      "description" : "cloud_env",
      "type" : "string"
    },
    "group" : "default",
    "updated-by" : "MALAKOV, YURIY <yuriy.malakov@att.com>",
    "sources" : {
      "input" : {
        "type" : "source-input"
      },
      "default" : {
        "type" : "source-default",
        "properties" : { }
      },
      "sdnc" : {
        "type" : "source-rest",
        "properties" : {
          "verb" : "GET",
          "type" : "JSON",
          "url-path" : "/restconf/config/GENERIC-RESOURCE-API:services/service/$service-instance-id/service-data/vnfs/vnf/$vnf-id/vnf-data/vnf-topology/vnf-parameters-data/param/cloud_env",
          "path" : "/param/0/value",
          "input-key-mapping" : {
            "service-instance-id" : "service-instance-id",
            "vnf-id" : "vnf-id"
          },
          "output-key-mapping" : {
            "cloud_env" : "value"
          },
          "key-dependencies" : [ "service-instance-id", "vnf-id" ]
        }
      }
    }
  },
  "dcae_collector_ip" : {
    "tags" : "dcae_collector_ip",
    "name" : "dcae_collector_ip",
    "property" : {
      "description" : "dcae_collector_ip",
      "type" : "string"
    },
    "group" : "default",
    "updated-by" : "MALAKOV, YURIY <yuriy.malakov@att.com>",
    "sources" : {
      "input" : {
        "type" : "source-input"
      },
      "default" : {
        "type" : "source-default",
        "properties" : { }
      },
      "sdnc" : {
        "type" : "source-rest",
        "properties" : {
          "verb" : "GET",
          "type" : "JSON",
          "url-path" : "/restconf/config/GENERIC-RESOURCE-API:services/service/$service-instance-id/service-data/vnfs/vnf/$vnf-id/vnf-data/vnf-topology/vnf-parameters-data/param/dcae_collector_ip",
          "path" : "/param/0/value",
          "input-key-mapping" : {
            "service-instance-id" : "service-instance-id",
            "vnf-id" : "vnf-id"
          },
          "output-key-mapping" : {
            "dcae_collector_ip" : "value"
          },
          "key-dependencies" : [ "service-instance-id", "vnf-id" ]
        }
      }
    }
  },
  "dcae_collector_port" : {
    "tags" : "dcae_collector_port",
    "name" : "dcae_collector_port",
    "property" : {
      "description" : "dcae_collector_port",
      "type" : "string"
    },
    "group" : "default",
    "updated-by" : "MALAKOV, YURIY <yuriy.malakov@att.com>",
    "sources" : {
      "input" : {
        "type" : "source-input"
      },
      "default" : {
        "type" : "source-default",
        "properties" : { }
      },
      "sdnc" : {
        "type" : "source-rest",
        "properties" : {
          "verb" : "GET",
          "type" : "JSON",
          "url-path" : "/restconf/config/GENERIC-RESOURCE-API:services/service/$service-instance-id/service-data/vnfs/vnf/$vnf-id/vnf-data/vnf-topology/vnf-parameters-data/param/dcae_collector_port",
          "path" : "/param/0/value",
          "input-key-mapping" : {
            "service-instance-id" : "service-instance-id",
            "vnf-id" : "vnf-id"
          },
          "output-key-mapping" : {
            "dcae_collector_port" : "value"
          },
          "key-dependencies" : [ "service-instance-id", "vnf-id" ]
        }
      }
    }
  },
  "demo_artifacts_version" : {
    "tags" : "demo_artifacts_version",
    "name" : "demo_artifacts_version",
    "property" : {
      "description" : "demo_artifacts_version",
      "type" : "string"
    },
    "group" : "default",
    "updated-by" : "MALAKOV, YURIY <yuriy.malakov@att.com>",
    "sources" : {
      "input" : {
        "type" : "source-input"
      },
      "default" : {
        "type" : "source-default",
        "properties" : { }
      },
      "sdnc" : {
        "type" : "source-rest",
        "properties" : {
          "verb" : "GET",
          "type" : "JSON",
          "url-path" : "/restconf/config/GENERIC-RESOURCE-API:services/service/$service-instance-id/service-data/vnfs/vnf/$vnf-id/vnf-data/vnf-topology/vnf-parameters-data/param/demo_artifacts_version",
          "path" : "/param/0/value",
          "input-key-mapping" : {
            "service-instance-id" : "service-instance-id",
            "vnf-id" : "vnf-id"
          },
          "output-key-mapping" : {
            "demo_artifacts_version" : "value"
          },
          "key-dependencies" : [ "service-instance-id", "vnf-id" ]
        }
      }
    }
  },
  "flavor_name" : {
    "tags" : "flavor_name",
    "name" : "flavor_name",
    "property" : {
      "description" : "flavor_name",
      "type" : "string"
    },
    "group" : "default",
    "updated-by" : "MALAKOV, YURIY <yuriy.malakov@att.com>",
    "sources" : {
      "input" : {
        "type" : "source-input"
      },
      "default" : {
        "type" : "source-default",
        "properties" : { }
      },
      "sdnc" : {
        "type" : "source-rest",
        "properties" : {
          "verb" : "GET",
          "type" : "JSON",
          "url-path" : "/restconf/config/GENERIC-RESOURCE-API:services/service/$service-instance-id/service-data/vnfs/vnf/$vnf-id/vnf-data/vnf-topology/vnf-parameters-data/param/flavor_name",
          "path" : "/param/0/value",
          "input-key-mapping" : {
            "service-instance-id" : "service-instance-id",
            "vnf-id" : "vnf-id"
          },
          "output-key-mapping" : {
            "flavor_name" : "value"
          },
          "key-dependencies" : [ "service-instance-id", "vnf-id" ]
        }
      }
    }
  },
  "image_name" : {
    "tags" : "image_name",
    "name" : "image_name",
    "property" : {
      "description" : "image_name",
      "type" : "string"
    },
    "group" : "default",
    "updated-by" : "MALAKOV, YURIY <yuriy.malakov@att.com>",
    "sources" : {
      "input" : {
        "type" : "source-input"
      },
      "default" : {
        "type" : "source-default",
        "properties" : { }
      },
      "sdnc" : {
        "type" : "source-rest",
        "properties" : {
          "verb" : "GET",
          "type" : "JSON",
          "url-path" : "/restconf/config/GENERIC-RESOURCE-API:services/service/$service-instance-id/service-data/vnfs/vnf/$vnf-id/vnf-data/vnf-topology/vnf-parameters-data/param/image_name",
          "path" : "/param/0/value",
          "input-key-mapping" : {
            "service-instance-id" : "service-instance-id",
            "vnf-id" : "vnf-id"
          },
          "output-key-mapping" : {
            "image_name" : "value"
          },
          "key-dependencies" : [ "service-instance-id", "vnf-id" ]
        }
      }
    }
  },
  "install_script_version" : {
    "tags" : "install_script_version",
    "name" : "install_script_version",
    "property" : {
      "description" : "install_script_version",
      "type" : "string"
    },
    "group" : "default",
    "updated-by" : "MALAKOV, YURIY <yuriy.malakov@att.com>",
    "sources" : {
      "input" : {
        "type" : "source-input"
      },
      "default" : {
        "type" : "source-default",
        "properties" : { }
      },
      "sdnc" : {
        "type" : "source-rest",
        "properties" : {
          "verb" : "GET",
          "type" : "JSON",
          "url-path" : "/restconf/config/GENERIC-RESOURCE-API:services/service/$service-instance-id/service-data/vnfs/vnf/$vnf-id/vnf-data/vnf-topology/vnf-parameters-data/param/install_script_version",
          "path" : "/param/0/value",
          "input-key-mapping" : {
            "service-instance-id" : "service-instance-id",
            "vnf-id" : "vnf-id"
          },
          "output-key-mapping" : {
            "install_script_version" : "value"
          },
          "key-dependencies" : [ "service-instance-id", "vnf-id" ]
        }
      }
    }
  },
  "int_private1_gw_ip" : {
    "tags" : "k8s, cnf, int_private1_gw_ip",
    "name" : "int_private1_gw_ip",
    "property" : {
      "description" : "Private unprotected network gateway ip address",
      "type" : "string"
    },
    "group" : "default",
    "updated-by" : "Samuli, Silvius <s.silvius@partner.samsung.com>",
    "sources" : {
      "input" : {
        "type" : "source-input"
      },
      "default" : {
        "type" : "source-default",
        "properties" : { }
      },
      "sdnc" : {
        "type" : "source-rest",
        "properties" : {
          "verb" : "GET",
          "type" : "JSON",
          "url-path" : "/restconf/config/GENERIC-RESOURCE-API:services/service/$service-instance-id/service-data/vnfs/vnf/$vnf-id/vnf-data/vnf-topology/vnf-parameters-data/param/int_private1_gw_ip",
          "path" : "/param/0/value",
          "input-key-mapping" : {
            "service-instance-id" : "service-instance-id",
            "vnf-id" : "vnf-id"
          },
          "output-key-mapping" : {
            "int_private1_gw_ip" : "value"
          },
          "key-dependencies" : [ "service-instance-id", "vnf-id" ]
        }
      }
    }
  },
  "int_private1_net_cidr" : {
    "tags" : "int_private1_net_cidr",
    "name" : "int_private1_net_cidr",
    "property" : {
      "description" : "int_private1_net_cidr",
      "type" : "string"
    },
    "group" : "default",
    "updated-by" : "MALAKOV, YURIY <yuriy.malakov@att.com>",
    "sources" : {
      "input" : {
        "type" : "source-input"
      },
      "default" : {
        "type" : "source-default",
        "properties" : { }
      },
      "sdnc" : {
        "type" : "source-rest",
        "properties" : {
          "verb" : "GET",
          "type" : "JSON",
          "url-path" : "/restconf/config/GENERIC-RESOURCE-API:services/service/$service-instance-id/service-data/vnfs/vnf/$vnf-id/vnf-data/vnf-topology/vnf-parameters-data/param/int_private1_net_cidr",
          "path" : "/param/0/value",
          "input-key-mapping" : {
            "service-instance-id" : "service-instance-id",
            "vnf-id" : "vnf-id"
          },
          "output-key-mapping" : {
            "int_private1_net_cidr" : "value"
          },
          "key-dependencies" : [ "service-instance-id", "vnf-id" ]
        }
      },
      "processor-db" : {
        "type" : "source-db",
        "properties" : {
          "type" : "SQL",
          "query" : "select sdnctl.IPAM_IP_POOL.prefix as prefix from sdnctl.IPAM_IP_POOL where description = \"private1\"",
          "input-key-mapping" : { },
          "output-key-mapping" : {
            "int_private1_net_cidr" : "prefix"
          }
        }
      }
    }
  },
  "int_private1_net_id" : {
    "tags" : "k8s, cnf, int_private1_net_id",
    "name" : "int_private1_net_id",
    "property" : {
      "description" : "Private network identification",
      "type" : "string"
    },
    "group" : "default",
    "updated-by" : "Samuli, Silvius <s.silvius@partner.samsung.com>",
    "sources" : {
      "input" : {
        "type" : "source-input"
      },
      "default" : {
        "type" : "source-default",
        "properties" : { }
      },
      "sdnc" : {
        "type" : "source-rest",
        "properties" : {
          "verb" : "GET",
          "type" : "JSON",
          "url-path" : "/restconf/config/GENERIC-RESOURCE-API:services/service/$service-instance-id/service-data/vnfs/vnf/$vnf-id/vnf-data/vnf-topology/vnf-parameters-data/param/int_private1_net_id",
          "path" : "/param/0/value",
          "input-key-mapping" : {
            "service-instance-id" : "service-instance-id",
            "vnf-id" : "vnf-id"
          },
          "output-key-mapping" : {
            "int_private1_net_id" : "value"
          },
          "key-dependencies" : [ "service-instance-id", "vnf-id" ]
        }
      }
    }
  },
  "int_private1_subnet_id" : {
    "tags" : "k8s, cnf, int_private1_subnet_id",
    "name" : "int_private1_subnet_id",
    "property" : {
      "description" : "Private unprotected subnetwork identification",
      "type" : "string"
    },
    "group" : "default",
    "updated-by" : "Samuli, Silvius <s.silvius@partner.samsung.com>",
    "sources" : {
      "input" : {
        "type" : "source-input"
      },
      "default" : {
        "type" : "source-default",
        "properties" : { }
      },
      "sdnc" : {
        "type" : "source-rest",
        "properties" : {
          "verb" : "GET",
          "type" : "JSON",
          "url-path" : "/restconf/config/GENERIC-RESOURCE-API:services/service/$service-instance-id/service-data/vnfs/vnf/$vnf-id/vnf-data/vnf-topology/vnf-parameters-data/param/int_private1_subnet_id",
          "path" : "/param/0/value",
          "input-key-mapping" : {
            "service-instance-id" : "service-instance-id",
            "vnf-id" : "vnf-id"
          },
          "output-key-mapping" : {
            "int_private1_subnet_id" : "value"
          },
          "key-dependencies" : [ "service-instance-id", "vnf-id" ]
        }
      }
    }
  },
  "int_private2_gw_ip" : {
    "tags" : "k8s, cnf, int_private2_gw_ip",
    "name" : "int_private2_gw_ip",
    "property" : {
      "description" : "Private protected network gateway ip address",
      "type" : "string"
    },
    "group" : "default",
    "updated-by" : "Samuli, Silvius <s.silvius@partner.samsung.com>",
    "sources" : {
      "input" : {
        "type" : "source-input"
      },
      "default" : {
        "type" : "source-default",
        "properties" : { }
      },
      "sdnc" : {
        "type" : "source-rest",
        "properties" : {
          "verb" : "GET",
          "type" : "JSON",
          "url-path" : "/restconf/config/GENERIC-RESOURCE-API:services/service/$service-instance-id/service-data/vnfs/vnf/$vnf-id/vnf-data/vnf-topology/vnf-parameters-data/param/int_private2_gw_ip",
          "path" : "/param/0/value",
          "input-key-mapping" : {
            "service-instance-id" : "service-instance-id",
            "vnf-id" : "vnf-id"
          },
          "output-key-mapping" : {
            "int_private2_gw_ip" : "value"
          },
          "key-dependencies" : [ "service-instance-id", "vnf-id" ]
        }
      }
    }
  },
  "int_private2_net_cidr" : {
    "tags" : "int_private2_net_cidr",
    "name" : "int_private2_net_cidr",
    "property" : {
      "description" : "int_private2_net_cidr",
      "type" : "string"
    },
    "group" : "default",
    "updated-by" : "MALAKOV, YURIY <yuriy.malakov@att.com>",
    "sources" : {
      "input" : {
        "type" : "source-input"
      },
      "default" : {
        "type" : "source-default",
        "properties" : { }
      },
      "processor-db" : {
        "type" : "source-db",
        "properties" : {
          "type" : "SQL",
          "query" : "select sdnctl.IPAM_IP_POOL.prefix as prefix from sdnctl.IPAM_IP_POOL where description = \"private2\"",
          "output-key-mapping" : {
            "int_private2_net_cidr" : "prefix"
          },
          "input-key-mapping" : { }
        }
      },
      "sdnc" : {
        "type" : "source-rest",
        "properties" : {
          "verb" : "GET",
          "type" : "JSON",
          "url-path" : "/restconf/config/GENERIC-RESOURCE-API:services/service/$service-instance-id/service-data/vnfs/vnf/$vnf-id/vnf-data/vnf-topology/vnf-parameters-data/param/int_private2_net_cidr",
          "path" : "/param/0/value",
          "input-key-mapping" : {
            "service-instance-id" : "service-instance-id",
            "vnf-id" : "vnf-id"
          },
          "output-key-mapping" : {
            "int_private2_net_cidr" : "value"
          },
          "key-dependencies" : [ "service-instance-id", "vnf-id" ]
        }
      }
    }
  },
  "int_private2_net_id" : {
    "tags" : "k8s, cnf, int_private2_net_id",
    "name" : "int_private2_net_id",
    "property" : {
      "description" : "Private protected network identification",
      "type" : "string"
    },
    "group" : "default",
    "updated-by" : "Samuli, Silvius <s.silvius@partner.samsung.com>",
    "sources" : {
      "input" : {
        "type" : "source-input"
      },
      "default" : {
        "type" : "source-default",
        "properties" : { }
      },
      "sdnc" : {
        "type" : "source-rest",
        "properties" : {
          "verb" : "GET",
          "type" : "JSON",
          "url-path" : "/restconf/config/GENERIC-RESOURCE-API:services/service/$service-instance-id/service-data/vnfs/vnf/$vnf-id/vnf-data/vnf-topology/vnf-parameters-data/param/int_private2_net_id",
          "path" : "/param/0/value",
          "input-key-mapping" : {
            "service-instance-id" : "service-instance-id",
            "vnf-id" : "vnf-id"
          },
          "output-key-mapping" : {
            "int_private2_net_id" : "value"
          },
          "key-dependencies" : [ "service-instance-id", "vnf-id" ]
        }
      }
    }
  },
  "int_private2_subnet_id" : {
    "tags" : "k8s, cnf, int_private2_subnet_id",
    "name" : "int_private2_subnet_id",
    "property" : {
      "description" : "Private protected subnetwork identification",
      "type" : "string"
    },
    "group" : "default",
    "updated-by" : "Samuli, Silvius <s.silvius@partner.samsung.com>",
    "sources" : {
      "input" : {
        "type" : "source-input"
      },
      "default" : {
        "type" : "source-default",
        "properties" : { }
      },
      "sdnc" : {
        "type" : "source-rest",
        "properties" : {
          "verb" : "GET",
          "type" : "JSON",
          "url-path" : "/restconf/config/GENERIC-RESOURCE-API:services/service/$service-instance-id/service-data/vnfs/vnf/$vnf-id/vnf-data/vnf-topology/vnf-parameters-data/param/int_private2_subnet_id",
          "path" : "/param/0/value",
          "input-key-mapping" : {
            "service-instance-id" : "service-instance-id",
            "vnf-id" : "vnf-id"
          },
          "output-key-mapping" : {
            "int_private2_subnet_id" : "value"
          },
          "key-dependencies" : [ "service-instance-id", "vnf-id" ]
        }
      }
    }
  },
  "k8s-rb-profile-name" : {
    "tags" : "k8s, cnf, profile",
    "name" : "k8s-rb-profile-name",
    "property" : {
      "description" : "Profile name used in multicloud/k8s plugin to identify Helm chart(s) where this mapping is providing override values.",
      "type" : "string"
    },
    "group" : "default",
    "updated-by" : "Samuli, Silvius <s.silvius@partner.samsung.com>",
    "sources" : {
      "input" : {
        "type" : "source-input"
      },
      "default" : {
        "type" : "source-default",
        "properties" : { }
      },
      "sdnc" : {
        "type" : "source-rest",
        "properties" : {
          "verb" : "GET",
          "type" : "JSON",
          "url-path" : "/restconf/config/GENERIC-RESOURCE-API:services/service/$service-instance-id/service-data/vnfs/vnf/$vnf-id/vnf-data/vnf-topology/vnf-parameters-data/param/k8s-rb-profile-name",
          "path" : "/param/0/value",
          "input-key-mapping" : {
            "service-instance-id" : "service-instance-id",
            "vnf-id" : "vnf-id"
          },
          "output-key-mapping" : {
            "k8s-rb-profile-name" : "value"
          },
          "key-dependencies" : [ "service-instance-id", "vnf-id" ]
        }
      }
    }
  },
  "k8s-rb-profile-namespace" : {
    "tags" : "k8s-rb-profile-namespace",
    "name" : "k8s-rb-profile-namespace",
    "property" : {
      "description" : "Profile name used in multicloud/k8s plugin",
      "type" : "string"
    },
    "group" : "default",
    "updated-by" : "Samuli, Silvius <s.silvius@partner.samsung.com>",
    "sources" : {
      "input" : {
        "type" : "source-input"
      },
      "default" : {
        "type" : "source-default",
        "properties" : { }
      },
      "sdnc" : {
        "type" : "source-rest",
        "properties" : {
          "verb" : "GET",
          "type" : "JSON",
          "url-path" : "/restconf/config/GENERIC-RESOURCE-API:services/service/$service-instance-id/service-data/vnfs/vnf/$vnf-id/vnf-data/vnf-topology/vnf-parameters-data/param/k8s-rb-profile-namespace",
          "path" : "/param/0/value",
          "input-key-mapping" : {
            "service-instance-id" : "service-instance-id",
            "vnf-id" : "vnf-id"
          },
          "output-key-mapping" : {
            "k8s-rb-profile-namespace" : "value"
          },
          "key-dependencies" : [ "service-instance-id", "vnf-id" ]
        }
      }
    }
  },
  "key_name" : {
    "tags" : "key_name",
    "name" : "key_name",
    "property" : {
      "description" : "key_name",
      "type" : "string"
    },
    "group" : "default",
    "updated-by" : "MALAKOV, YURIY <yuriy.malakov@att.com>",
    "sources" : {
      "input" : {
        "type" : "source-input"
      },
      "default" : {
        "type" : "source-default",
        "properties" : { }
      },
      "sdnc" : {
        "type" : "source-rest",
        "properties" : {
          "verb" : "GET",
          "type" : "JSON",
          "url-path" : "/restconf/config/GENERIC-RESOURCE-API:services/service/$service-instance-id/service-data/vnfs/vnf/$vnf-id/vnf-data/vnf-topology/vnf-parameters-data/param/key_name",
          "path" : "/param/0/value",
          "input-key-mapping" : {
            "service-instance-id" : "service-instance-id",
            "vnf-id" : "vnf-id"
          },
          "output-key-mapping" : {
            "key_name" : "value"
          },
          "key-dependencies" : [ "service-instance-id", "vnf-id" ]
        }
      }
    }
  },
  "management-prefix-id" : {
    "tags" : "management-prefix-id",
    "name" : "management-prefix-id",
    "property" : {
      "description" : "management-prefix-id",
      "type" : "string"
    },
    "group" : "default",
    "updated-by" : "MALAKOV, YURIY <yuriy.malakov@att.com>",
    "sources" : {
      "input" : {
        "type" : "source-input"
      },
      "default" : {
        "type" : "source-default",
        "properties" : { }
      },
      "sdnc" : {
        "type" : "source-rest",
        "properties" : {
          "verb" : "GET",
          "type" : "JSON",
          "url-path" : "/restconf/config/GENERIC-RESOURCE-API:services/service/$service-instance-id/service-data/vnfs/vnf/$vnf-id/vnf-data/vnf-topology/vnf-parameters-data/param/management-prefix-id",
          "path" : "/param/0/value",
          "input-key-mapping" : {
            "service-instance-id" : "service-instance-id",
            "vnf-id" : "vnf-id"
          },
          "output-key-mapping" : {
            "management-prefix-id" : "value"
          },
          "key-dependencies" : [ "service-instance-id", "vnf-id" ]
        }
      },
      "processor-db" : {
        "type" : "source-db",
        "properties" : {
          "type" : "SQL",
          "query" : "select sdnctl.IPAM_IP_POOL.prefix_id as prefix_id from sdnctl.IPAM_IP_POOL where description = \"management\"",
          "input-key-mapping" : { },
          "output-key-mapping" : {
            "management-prefix-id" : "prefix_id"
          }
        }
      }
    }
  },
  "nexus_artifact_repo" : {
    "tags" : "nexus_artifact_repo",
    "name" : "nexus_artifact_repo",
    "property" : {
      "description" : "nexus_artifact_repo",
      "type" : "string"
    },
    "group" : "default",
    "updated-by" : "MALAKOV, YURIY <yuriy.malakov@att.com>",
    "sources" : {
      "input" : {
        "type" : "source-input"
      },
      "default" : {
        "type" : "source-default",
        "properties" : { }
      },
      "sdnc" : {
        "type" : "source-rest",
        "properties" : {
          "verb" : "GET",
          "type" : "JSON",
          "url-path" : "/restconf/config/GENERIC-RESOURCE-API:services/service/$service-instance-id/service-data/vnfs/vnf/$vnf-id/vnf-data/vnf-topology/vnf-parameters-data/param/nexus_artifact_repo",
          "path" : "/param/0/value",
          "input-key-mapping" : {
            "service-instance-id" : "service-instance-id",
            "vnf-id" : "vnf-id"
          },
          "output-key-mapping" : {
            "nexus_artifact_repo" : "value"
          },
          "key-dependencies" : [ "service-instance-id", "vnf-id" ]
        }
      }
    }
  },
  "nfc-naming-code" : {
    "tags" : "nfc-naming-code",
    "name" : "nfc-naming-code",
    "property" : {
      "description" : "nfc-naming-code",
      "type" : "string"
    },
    "group" : "default",
    "updated-by" : "MALAKOV, YURIY <yuriy.malakov@att.com>",
    "sources" : {
      "input" : {
        "type" : "source-input"
      },
      "default" : {
        "type" : "source-default",
        "properties" : { }
      },
      "processor-db" : {
        "type" : "source-db",
        "properties" : {
          "type" : "SQL",
          "query" : "select nfc_naming_code as nfc_naming_code from sdnctl.VFC_MODEL where customization_uuid=:vfccustomizationuuid",
          "input-key-mapping" : {
            "vfccustomizationuuid" : "vfccustomizationuuid"
          },
          "output-key-mapping" : {
            "nfc-naming-code" : "nfc_naming_code"
          },
          "key-dependencies" : [ "vfccustomizationuuid" ],
          "endpoint-selector" : "dynamic-db-source"
        }
      }
    }
  },
  "onap_private_gw_ip" : {
    "tags" : "k8s, cnf, onap_private_gw_ip",
    "name" : "onap_private_gw_ip",
    "property" : {
      "description" : "Private onap management network gateway ip address",
      "type" : "string"
    },
    "group" : "default",
    "updated-by" : "Samuli, Silvius <s.silvius@partner.samsung.com>",
    "sources" : {
      "input" : {
        "type" : "source-input"
      },
      "default" : {
        "type" : "source-default",
        "properties" : { }
      },
      "sdnc" : {
        "type" : "source-rest",
        "properties" : {
          "verb" : "GET",
          "type" : "JSON",
          "url-path" : "/restconf/config/GENERIC-RESOURCE-API:services/service/$service-instance-id/service-data/vnfs/vnf/$vnf-id/vnf-data/vnf-topology/vnf-parameters-data/param/onap_private_gw_ip",
          "path" : "/param/0/value",
          "input-key-mapping" : {
            "service-instance-id" : "service-instance-id",
            "vnf-id" : "vnf-id"
          },
          "output-key-mapping" : {
            "onap_private_gw_ip" : "value"
          },
          "key-dependencies" : [ "service-instance-id", "vnf-id" ]
        }
      }
    }
  },
  "onap_private_net_cidr" : {
    "tags" : "onap_private_net_cidr",
    "name" : "onap_private_net_cidr",
    "property" : {
      "description" : "onap_private_net_cidr",
      "type" : "string"
    },
    "group" : "default",
    "updated-by" : "MALAKOV, YURIY <yuriy.malakov@att.com>",
    "sources" : {
      "input" : {
        "type" : "source-input"
      },
      "default" : {
        "type" : "source-default",
        "properties" : { }
      },
      "processor-db" : {
        "type" : "source-db",
        "properties" : {
          "type" : "SQL",
          "query" : "select sdnctl.IPAM_IP_POOL.prefix as prefix from sdnctl.IPAM_IP_POOL where description = \"management\"",
          "input-key-mapping" : { },
          "output-key-mapping" : {
            "onap_private_net_cidr" : "prefix"
          }
        }
      },
      "sdnc" : {
        "type" : "source-rest",
        "properties" : {
          "verb" : "GET",
          "type" : "JSON",
          "url-path" : "/restconf/config/GENERIC-RESOURCE-API:services/service/$service-instance-id/service-data/vnfs/vnf/$vnf-id/vnf-data/vnf-topology/vnf-parameters-data/param/onap_private_net_cidr",
          "path" : "/param/0/value",
          "input-key-mapping" : {
            "service-instance-id" : "service-instance-id",
            "vnf-id" : "vnf-id"
          },
          "output-key-mapping" : {
            "onap_private_net_cidr" : "value"
          },
          "key-dependencies" : [ "service-instance-id", "vnf-id" ]
        }
      }
    }
  },
  "onap_private_net_id" : {
    "tags" : "onap_private_net_id",
    "name" : "onap_private_net_id",
    "property" : {
      "description" : "onap_private_net_id",
      "type" : "string"
    },
    "group" : "default",
    "updated-by" : "MALAKOV, YURIY <yuriy.malakov@att.com>",
    "sources" : {
      "input" : {
        "type" : "source-input"
      },
      "default" : {
        "type" : "source-default",
        "properties" : { }
      },
      "sdnc" : {
        "type" : "source-rest",
        "properties" : {
          "verb" : "GET",
          "type" : "JSON",
          "url-path" : "/restconf/config/GENERIC-RESOURCE-API:services/service/$service-instance-id/service-data/vnfs/vnf/$vnf-id/vnf-data/vnf-topology/vnf-parameters-data/param/onap_private_net_id",
          "path" : "/param/0/value",
          "input-key-mapping" : {
            "service-instance-id" : "service-instance-id",
            "vnf-id" : "vnf-id"
          },
          "output-key-mapping" : {
            "onap_private_net_id" : "value"
          },
          "key-dependencies" : [ "service-instance-id", "vnf-id" ]
        }
      }
    }
  },
  "onap_private_subnet_id" : {
    "tags" : "onap_private_subnet_id",
    "name" : "onap_private_subnet_id",
    "property" : {
      "description" : "onap_private_subnet_id",
      "type" : "string"
    },
    "group" : "default",
    "updated-by" : "MALAKOV, YURIY <yuriy.malakov@att.com>",
    "sources" : {
      "input" : {
        "type" : "source-input"
      },
      "default" : {
        "type" : "source-default",
        "properties" : { }
      },
      "sdnc" : {
        "type" : "source-rest",
        "properties" : {
          "verb" : "GET",
          "type" : "JSON",
          "url-path" : "/restconf/config/GENERIC-RESOURCE-API:services/service/$service-instance-id/service-data/vnfs/vnf/$vnf-id/vnf-data/vnf-topology/vnf-parameters-data/param/onap_private_subnet_id",
          "path" : "/param/0/value",
          "input-key-mapping" : {
            "service-instance-id" : "service-instance-id",
            "vnf-id" : "vnf-id"
          },
          "output-key-mapping" : {
            "onap_private_subnet_id" : "value"
          },
          "key-dependencies" : [ "service-instance-id", "vnf-id" ]
        }
      }
    }
  },
  "private1-prefix-id" : {
    "tags" : "private1-prefix-id",
    "name" : "private1-prefix-id",
    "property" : {
      "description" : "private1-prefix-id",
      "type" : "string"
    },
    "group" : "default",
    "updated-by" : "MALAKOV, YURIY <yuriy.malakov@att.com>",
    "sources" : {
      "input" : {
        "type" : "source-input"
      },
      "default" : {
        "type" : "source-default",
        "properties" : { }
      },
      "sdnc" : {
        "type" : "source-rest",
        "properties" : {
          "verb" : "GET",
          "type" : "JSON",
          "url-path" : "/restconf/config/GENERIC-RESOURCE-API:services/service/$service-instance-id/service-data/vnfs/vnf/$vnf-id/vnf-data/vnf-topology/vnf-parameters-data/param/private1-prefix-id",
          "path" : "/param/0/value",
          "input-key-mapping" : {
            "service-instance-id" : "service-instance-id",
            "vnf-id" : "vnf-id"
          },
          "output-key-mapping" : {
            "private1-prefix-id" : "value"
          },
          "key-dependencies" : [ "service-instance-id", "vnf-id" ]
        }
      },
      "processor-db" : {
        "type" : "source-db",
        "properties" : {
          "type" : "SQL",
          "query" : "select sdnctl.IPAM_IP_POOL.prefix_id as prefix_id from sdnctl.IPAM_IP_POOL where description = \"private1\"",
          "input-key-mapping" : { },
          "output-key-mapping" : {
            "private1-prefix-id" : "prefix_id"
          }
        }
      }
    }
  },
  "private2-prefix-id" : {
    "tags" : "private2-prefix-id",
    "name" : "private2-prefix-id",
    "property" : {
      "description" : "private2-prefix-id",
      "type" : "string"
    },
    "group" : "default",
    "updated-by" : "MALAKOV, YURIY <yuriy.malakov@att.com>",
    "sources" : {
      "input" : {
        "type" : "source-input"
      },
      "default" : {
        "type" : "source-default",
        "properties" : { }
      },
      "sdnc" : {
        "type" : "source-rest",
        "properties" : {
          "verb" : "GET",
          "type" : "JSON",
          "url-path" : "/restconf/config/GENERIC-RESOURCE-API:services/service/$service-instance-id/service-data/vnfs/vnf/$vnf-id/vnf-data/vnf-topology/vnf-parameters-data/param/private2-prefix-id",
          "path" : "/param/0/value",
          "input-key-mapping" : {
            "service-instance-id" : "service-instance-id",
            "vnf-id" : "vnf-id"
          },
          "output-key-mapping" : {
            "private2-prefix-id" : "value"
          },
          "key-dependencies" : [ "service-instance-id", "vnf-id" ]
        }
      },
      "processor-db" : {
        "type" : "source-db",
        "properties" : {
          "type" : "SQL",
          "query" : "select sdnctl.IPAM_IP_POOL.prefix_id as prefix_id from sdnctl.IPAM_IP_POOL where description = \"private2\"",
          "input-key-mapping" : { },
          "output-key-mapping" : {
            "private2-prefix-id" : "prefix_id"
          }
        }
      }
    }
  },
  "pub_key" : {
    "tags" : "pub_key",
    "name" : "pub_key",
    "property" : {
      "description" : "pub_key",
      "type" : "string"
    },
    "group" : "default",
    "updated-by" : "MALAKOV, YURIY <yuriy.malakov@att.com>",
    "sources" : {
      "input" : {
        "type" : "source-input"
      },
      "default" : {
        "type" : "source-default",
        "properties" : { }
      },
      "sdnc" : {
        "type" : "source-rest",
        "properties" : {
          "verb" : "GET",
          "type" : "JSON",
          "url-path" : "/restconf/config/GENERIC-RESOURCE-API:services/service/$service-instance-id/service-data/vnfs/vnf/$vnf-id/vnf-data/vnf-topology/vnf-parameters-data/param/pub_key",
          "path" : "/param/0/value",
          "input-key-mapping" : {
            "service-instance-id" : "service-instance-id",
            "vnf-id" : "vnf-id"
          },
          "output-key-mapping" : {
            "pub_key" : "value"
          },
          "key-dependencies" : [ "service-instance-id", "vnf-id" ]
        }
      }
    }
  },
  "public_net_id" : {
    "tags" : "public_net_id",
    "name" : "public_net_id",
    "property" : {
      "description" : "public_net_id",
      "type" : "string"
    },
    "group" : "default",
    "updated-by" : "MALAKOV, YURIY <yuriy.malakov@att.com>",
    "sources" : {
      "input" : {
        "type" : "source-input"
      },
      "default" : {
        "type" : "source-default",
        "properties" : { }
      },
      "sdnc" : {
        "type" : "source-rest",
        "properties" : {
          "verb" : "GET",
          "type" : "JSON",
          "url-path" : "/restconf/config/GENERIC-RESOURCE-API:services/service/$service-instance-id/service-data/vnfs/vnf/$vnf-id/vnf-data/vnf-topology/vnf-parameters-data/param/public_net_id",
          "path" : "/param/0/value",
          "input-key-mapping" : {
            "service-instance-id" : "service-instance-id",
            "vnf-id" : "vnf-id"
          },
          "output-key-mapping" : {
            "public_net_id" : "value"
          },
          "key-dependencies" : [ "service-instance-id", "vnf-id" ]
        }
      }
    }
  },
  "put-active-streams" : {
    "tags" : "put-active-streams",
    "name" : "put-active-streams",
    "property" : {
      "description" : "put-active-streams",
      "type" : "string"
    },
    "group" : "default",
    "updated-by" : "MALAKOV, YURIY <yuriy.malakov@att.com>",
    "sources" : {
      "input" : {
        "type" : "source-input"
      },
      "default" : {
        "type" : "source-default",
        "properties" : { }
      },
      "sdnc" : {
        "type" : "source-rest",
        "properties" : {
          "verb" : "PUT",
          "type" : "JSON",
          "url-path" : "$vpg_onap_private_ip_0:8183/restconf/config/stream-count:stream-count/streams",
          "path" : "/param/0/value",
          "input-key-mapping" : {
            "vpg_onap_private_ip_0" : "vpg_onap_private_ip_0",
            "active-streams" : "active-streams"
          },
          "output-key-mapping" : { },
          "key-dependencies" : [ "vpg_onap_private_ip_0", "active-streams" ],
          "endpoint-selector" : "vpkg-rest-api",
          "payload" : "{\"streams\": {\"active-streams\": $active-streams}}"
        }
      }
    }
  },
  "sec_group" : {
    "tags" : "sec_group",
    "name" : "sec_group",
    "property" : {
      "description" : "sec_group",
      "type" : "string"
    },
    "group" : "default",
    "updated-by" : "MALAKOV, YURIY <yuriy.malakov@att.com>",
    "sources" : {
      "input" : {
        "type" : "source-input"
      },
      "default" : {
        "type" : "source-default",
        "properties" : { }
      },
      "sdnc" : {
        "type" : "source-rest",
        "properties" : {
          "verb" : "GET",
          "type" : "JSON",
          "url-path" : "/restconf/config/GENERIC-RESOURCE-API:services/service/$service-instance-id/service-data/vnfs/vnf/$vnf-id/vnf-data/vnf-topology/vnf-parameters-data/param/sec_group",
          "path" : "/param/0/value",
          "input-key-mapping" : {
            "service-instance-id" : "service-instance-id",
            "vnf-id" : "vnf-id"
          },
          "output-key-mapping" : {
            "sec_group" : "value"
          },
          "key-dependencies" : [ "service-instance-id", "vnf-id" ]
        }
      }
    }
  },
  "service-instance-id" : {
    "tags" : "service-instance-id, tosca.datatypes.Root, data_type",
    "name" : "service-instance-id",
    "property" : {
      "description" : "To be provided",
      "type" : "string"
    },
    "group" : "default",
    "updated-by" : "Singal, Kapil <ks220y@att.com>",
    "sources" : {
      "input" : {
        "type" : "source-input",
        "properties" : { }
      },
      "any-db" : {
        "type" : "source-db",
        "properties" : {
          "query" : "SELECT artifact_name FROM BLUEPRINT_RUNTIME where artifact_version=\"1.0.0\"",
          "input-key-mapping" : { },
          "output-key-mapping" : {
            "service-instance-id" : "artifact_name"
          }
        }
      },
      "processor-db" : {
        "type" : "source-db",
        "properties" : {
          "query" : "SELECT artifact_name FROM BLUEPRINT_RUNTIME where artifact_version=\"1.0.0\"",
          "input-key-mapping" : { },
          "output-key-mapping" : {
            "service-instance-id" : "artifact_name"
          }
        }
      },
      "capability" : {
        "type" : "source-capability",
        "properties" : {
          "script-type" : "jython",
          "script-class-reference" : "SampleRAProcessor",
          "instance-dependencies" : [ ]
        }
      },
      "sdnc" : {
        "type" : "source-rest",
        "properties" : {
          "verb" : "GET",
          "type" : "JSON",
          "url-path" : "/restconf/config/GENERIC-RESOURCE-API:services/service/$service-instance-id",
          "path" : "/service/0/service-instance-id",
          "input-key-mapping" : {
            "service-instance-id" : "service-instance.service-instance-id"
          },
          "output-key-mapping" : {
            "service-instance-id" : "service-instance-id"
          },
          "key-dependencies" : [ "service-instance.service-instance-id" ]
        }
      }
    }
  },
  "vf-module-id" : {
    "tags" : "vf-module-id",
    "name" : "vf-module-id",
    "property" : {
      "description" : "vf-module-id",
      "type" : "string"
    },
    "group" : "default",
    "updated-by" : "Singal, Kapil <ks220y@att.com>",
    "sources" : {
      "input" : {
        "type" : "source-input",
        "properties" : { }
      },
      "sdnc" : {
        "type" : "source-rest",
        "properties" : {
          "verb" : "GET",
          "type" : "JSON",
          "url-path" : "/restconf/config/GENERIC-RESOURCE-API:services/service/$service-instance-id/service-data/vnfs/vnf/$vnf-id/vnf-data/vf-modules/vf-module/$vf-module-id",
          "path" : "/vf-module/0/vf-module-id",
          "input-key-mapping" : {
            "service-instance-id" : "service-instance-id",
            "vnf-id" : "vnf-id",
            "vf-module-id" : "vf-module.vf-module-id"
          },
          "output-key-mapping" : {
            "vf-module-id" : "vf-module-id"
          },
          "key-dependencies" : [ "service-instance-id", "vnf-id", "vf-module.vf-module-id" ]
        }
      }
    }
  },
  "vf-module-label" : {
    "tags" : "vf-module-label",
    "name" : "vf-module-label",
    "property" : {
      "description" : "vf-module-label",
      "type" : "string"
    },
    "group" : "default",
    "updated-by" : "MALAKOV, YURIY <yuriy.malakov@att.com>",
    "sources" : {
      "input" : {
        "type" : "source-input"
      },
      "default" : {
        "type" : "source-default",
        "properties" : { }
      },
      "processor-db" : {
        "type" : "source-db",
        "properties" : {
          "type" : "SQL",
          "query" : "select sdnctl.VF_MODULE_MODEL.vf_module_label as vf_module_label from sdnctl.VF_MODULE_MODEL where sdnctl.VF_MODULE_MODEL.customization_uuid=:customizationid",
          "input-key-mapping" : {
            "customizationid" : "vf-module-model-customization-uuid"
          },
          "output-key-mapping" : {
            "vf-module-label" : "vf_module_label"
          },
          "key-dependencies" : [ "vf-module-model-customization-uuid" ],
          "endpoint-selector" : "dynamic-db-source"
        }
      }
    }
  },
  "vf-module-model-customization-uuid" : {
    "tags" : "vf-module-model-customization-uuid",
    "name" : "vf-module-model-customization-uuid",
    "property" : {
      "description" : "vf-module-model-customization-uuid",
      "type" : "string"
    },
    "group" : "default",
    "updated-by" : "MALAKOV, YURIY <yuriy.malakov@att.com>",
    "sources" : {
      "input" : {
        "type" : "source-input"
      },
      "default" : {
        "type" : "source-default",
        "properties" : { }
      }
    }
  },
  "vf-module-model-invariant-uuid" : {
    "tags" : "vnf, vf-module",
    "name" : "vf-module-model-invariant-uuid",
    "property" : {
      "description" : "vf module model invariant uuid",
      "type" : "string"
    },
    "group" : "default",
    "updated-by" : "Samuli, Silvius <s.silvius@partner.samsung.com>",
    "sources" : {
      "input" : {
        "type" : "source-input"
      },
      "default" : {
        "type" : "source-default",
        "properties" : { }
      },
      "processor-db" : {
        "type" : "source-db",
        "properties" : {
          "type" : "SQL",
          "query" : "select sdnctl.VF_MODULE_MODEL.invariant_uuid as vf_module_model_invariant_uuid from sdnctl.VF_MODULE_MODEL where sdnctl.VF_MODULE_MODEL.customization_uuid=:customizationid",
          "input-key-mapping" : {
            "customizationid" : "vf-module-model-customization-uuid"
          },
          "output-key-mapping" : {
            "vf-module-model-invariant-uuid" : "vf_module_model_invariant_uuid"
          },
          "key-dependencies" : [ "vf-module-model-customization-uuid" ],
          "endpoint-selector" : "dynamic-db-source"
        }
      }
    }
  },
  "vf-module-model-version" : {
    "tags" : "vnf, vf-module",
    "name" : "vf-module-model-version",
    "property" : {
      "description" : "vf module model model version",
      "type" : "string"
    },
    "group" : "default",
    "updated-by" : "Samuli, Silvius <s.silvius@partner.samsung.com>",
    "sources" : {
      "input" : {
        "type" : "source-input"
      },
      "default" : {
        "type" : "source-default",
        "properties" : { }
      },
      "processor-db" : {
        "type" : "source-db",
        "properties" : {
          "type" : "SQL",
          "query" : "select sdnctl.VF_MODULE_MODEL.version as vf_module_model_version from sdnctl.VF_MODULE_MODEL where sdnctl.VF_MODULE_MODEL.customization_uuid=:customizationid",
          "input-key-mapping" : {
            "customizationid" : "vf-module-model-customization-uuid"
          },
          "output-key-mapping" : {
            "vf-module-model-version" : "vf-module-model-version"
          },
          "key-dependencies" : [ "vf-module-model-customization-uuid" ],
          "endpoint-selector" : "dynamic-db-source"
        }
      }
    }
  },
  "vf-module-name" : {
    "tags" : "vf-module-name",
    "name" : "vf-module-name",
    "property" : {
      "description" : "vf_module_name",
      "type" : "string"
    },
    "group" : "default",
    "updated-by" : "Singal, Kapil <ks220y@att.com>",
    "sources" : {
      "input" : {
        "type" : "source-input"
      },
      "default" : {
        "type" : "source-default",
        "properties" : { }
      }
    }
  },
  "vf-module-type" : {
    "tags" : "vf-module-type",
    "name" : "vf-module-type",
    "property" : {
      "description" : "vf-module-type",
      "type" : "string"
    },
    "group" : "default",
    "updated-by" : "MALAKOV, YURIY <yuriy.malakov@att.com>",
    "sources" : {
      "input" : {
        "type" : "source-input"
      },
      "default" : {
        "type" : "source-default",
        "properties" : { }
      },
      "processor-db" : {
        "type" : "source-db",
        "properties" : {
          "type" : "SQL",
          "query" : "select vf_module_type as vf_module_type from sdnctl.VF_MODULE_MODEL where customization_uuid=:customizationid",
          "output-key-mapping" : {
            "vf-module-type" : "vf_module_type"
          },
          "input-key-mapping" : {
            "customizationid" : "vf-module-model-customization-uuid"
          },
          "key-dependencies" : [ "vf-module-model-customization-uuid" ]
        }
      }
    }
  },
  "vf-naming-policy" : {
    "tags" : "vf-naming-policy",
    "name" : "vf-naming-policy",
    "property" : {
      "description" : "vf-naming-policy",
      "type" : "string"
    },
    "group" : "default",
    "updated-by" : "MALAKOV, YURIY <yuriy.malakov@att.com>",
    "sources" : {
      "default" : {
        "type" : "source-default",
        "properties" : { }
      },
      "sdnc" : {
        "type" : "source-rest",
        "properties" : {
          "verb" : "GET",
          "type" : "JSON",
          "url-path" : "/restconf/config/GENERIC-RESOURCE-API:services/service/$service-instance-id/service-data/vnfs/vnf/$vnf-id/vnf-data/vnf-topology/vnf-parameters-data/param/vf-naming-policy",
          "path" : "/param/0/value",
          "input-key-mapping" : {
            "service-instance-id" : "service-instance-id",
            "vnf-id" : "vnf-id"
          },
          "output-key-mapping" : {
            "vf-naming-policy" : "value"
          },
          "key-dependencies" : [ "service-instance-id", "vnf-id" ]
        }
      },
      "processor-db" : {
        "type" : "source-db",
        "properties" : {
          "type" : "SQL",
          "query" : "select sdnctl.VF_MODEL.naming_policy as vf_naming_policy from sdnctl.VF_MODEL where sdnctl.VF_MODEL.customization_uuid=:vnf_model_customization_uuid",
          "input-key-mapping" : {
            "vnf_model_customization_uuid" : "vnf-model-customization-uuid"
          },
          "output-key-mapping" : {
            "vf-naming-policy" : "vf_naming_policy"
          },
          "key-dependencies" : [ "vnf-model-customization-uuid" ]
        }
      }
    }
  },
  "vfccustomizationuuid" : {
    "tags" : "vfccustomizationuuid",
    "name" : "vfccustomizationuuid",
    "property" : {
      "description" : "vfccustomizationuuid",
      "type" : "string"
    },
    "group" : "default",
    "updated-by" : "MALAKOV, YURIY <yuriy.malakov@att.com>",
    "sources" : {
      "input" : {
        "type" : "source-input"
      },
      "default" : {
        "type" : "source-default",
        "properties" : { }
      },
      "processor-db" : {
        "type" : "source-db",
        "properties" : {
          "type" : "SQL",
          "query" : "select sdnctl.VF_MODULE_TO_VFC_MAPPING.vfc_customization_uuid as vnf_customid from sdnctl.VF_MODULE_TO_VFC_MAPPING where vm_count = 1 and sdnctl.VF_MODULE_TO_VFC_MAPPING.vf_module_customization_uuid=:vfmodulecustomizationuuid",
          "input-key-mapping" : {
            "vfmodulecustomizationuuid" : "vf-module-model-customization-uuid"
          },
          "output-key-mapping" : {
            "vfccustomizationuuid" : "vnf_customid"
          },
          "key-dependencies" : [ "vf-module-model-customization-uuid" ]
        }
      }
    }
  },
  "vfw_int_private1_ip_0" : {
    "tags" : "vfw_int_private1_ip_0",
    "name" : "vfw_int_private1_ip_0",
    "property" : {
      "description" : "vfw_int_private1_ip_0",
      "type" : "string"
    },
    "group" : "default",
    "updated-by" : "MALAKOV, YURIY <yuriy.malakov@att.com>",
    "sources" : {
      "input" : {
        "type" : "source-input"
      },
      "default" : {
        "type" : "source-default",
        "properties" : { }
      },
      "sdnc" : {
        "type" : "source-rest",
        "properties" : {
          "verb" : "GET",
          "type" : "JSON",
          "url-path" : "/restconf/config/GENERIC-RESOURCE-API:services/service/$service-instance-id/service-data/vnfs/vnf/$vnf-id/vnf-data/vnf-topology/vnf-parameters-data/param/vfw_int_private1_ip_0",
          "path" : "/param/0/value",
          "input-key-mapping" : {
            "service-instance-id" : "service-instance-id",
            "vnf-id" : "vnf-id"
          },
          "output-key-mapping" : {
            "vfw_int_private1_ip_0" : "value"
          },
          "key-dependencies" : [ "service-instance-id", "vnf-id" ]
        }
      }
    }
  },
  "vfw_int_private2_floating_ip" : {
    "tags" : "vfw_int_private2_floating_ip",
    "name" : "vfw_int_private2_floating_ip",
    "property" : {
      "description" : "vfw_int_private2_floating_ip",
      "type" : "string"
    },
    "group" : "default",
    "updated-by" : "MALAKOV, YURIY <yuriy.malakov@att.com>",
    "sources" : {
      "input" : {
        "type" : "source-input"
      },
      "default" : {
        "type" : "source-default",
        "properties" : { }
      },
      "sdnc" : {
        "type" : "source-rest",
        "properties" : {
          "verb" : "GET",
          "type" : "JSON",
          "url-path" : "/restconf/config/GENERIC-RESOURCE-API:services/service/$service-instance-id/service-data/vnfs/vnf/$vnf-id/vnf-data/vnf-topology/vnf-parameters-data/param/vfw_int_private2_floating_ip",
          "path" : "/param/0/value",
          "input-key-mapping" : {
            "service-instance-id" : "service-instance-id",
            "vnf-id" : "vnf-id"
          },
          "output-key-mapping" : {
            "vfw_int_private2_floating_ip" : "value"
          },
          "key-dependencies" : [ "service-instance-id", "vnf-id" ]
        }
      }
    }
  },
  "vfw_int_private2_ip_0" : {
    "tags" : "vfw_int_private2_ip_0",
    "name" : "vfw_int_private2_ip_0",
    "property" : {
      "description" : "vfw_int_private2_ip_0",
      "type" : "string"
    },
    "group" : "default",
    "updated-by" : "MALAKOV, YURIY <yuriy.malakov@att.com>",
    "sources" : {
      "input" : {
        "type" : "source-input"
      },
      "default" : {
        "type" : "source-default",
        "properties" : { }
      },
      "sdnc" : {
        "type" : "source-rest",
        "properties" : {
          "verb" : "GET",
          "type" : "JSON",
          "url-path" : "/restconf/config/GENERIC-RESOURCE-API:services/service/$service-instance-id/service-data/vnfs/vnf/$vnf-id/vnf-data/vnf-topology/vnf-parameters-data/param/vfw_int_private2_ip_0",
          "path" : "/param/0/value",
          "input-key-mapping" : {
            "service-instance-id" : "service-instance-id",
            "vnf-id" : "vnf-id"
          },
          "output-key-mapping" : {
            "vfw_int_private2_ip_0" : "value"
          },
          "key-dependencies" : [ "service-instance-id", "vnf-id" ]
        }
      }
    }
  },
  "vfw_name_0" : {
    "tags" : "vfw_name_0",
    "name" : "vfw_name_0",
    "property" : {
      "description" : "vfw_name_0",
      "type" : "string"
    },
    "group" : "default",
    "updated-by" : "Singal, Kapil <ks220y@att.com>",
    "sources" : {
      "input" : {
        "type" : "source-input"
      },
      "default" : {
        "type" : "source-default",
        "properties" : { }
      },
      "sdnc" : {
        "type" : "source-rest",
        "properties" : {
          "verb" : "GET",
          "type" : "JSON",
          "url-path" : "/restconf/config/GENERIC-RESOURCE-API:services/service/$service-instance-id/service-data/vnfs/vnf/$vnf-id/vnf-data/vnf-topology/vnf-parameters-data/param/vfw_name_0",
          "path" : "/param/0/value",
          "input-key-mapping" : {
            "service-instance-id" : "service-instance-id",
            "vnf-id" : "vnf-id"
          },
          "output-key-mapping" : {
            "vfw_name_0" : "value"
          },
          "key-dependencies" : [ "service-instance-id", "vnf-id" ]
        }
      }
    }
  },
  "vfw_onap_private_ip_0" : {
    "tags" : "vfw_onap_private_ip_0",
    "name" : "vfw_onap_private_ip_0",
    "property" : {
      "description" : "vfw_onap_private_ip_0",
      "type" : "string"
    },
    "group" : "default",
    "updated-by" : "MALAKOV, YURIY <yuriy.malakov@att.com>",
    "sources" : {
      "input" : {
        "type" : "source-input"
      },
      "default" : {
        "type" : "source-default",
        "properties" : { }
      },
      "sdnc" : {
        "type" : "source-rest",
        "properties" : {
          "verb" : "GET",
          "type" : "JSON",
          "url-path" : "/restconf/config/GENERIC-RESOURCE-API:services/service/$service-instance-id/service-data/vnfs/vnf/$vnf-id/vnf-data/vnf-topology/vnf-parameters-data/param/vfw_onap_private_ip_0",
          "path" : "/param/0/value",
          "input-key-mapping" : {
            "service-instance-id" : "service-instance-id",
            "vnf-id" : "vnf-id"
          },
          "output-key-mapping" : {
            "vfw_onap_private_ip_0" : "value"
          },
          "key-dependencies" : [ "service-instance-id", "vnf-id" ]
        }
      }
    }
  },
  "vnf-id" : {
    "tags" : "vnf-id",
    "name" : "vnf-id",
    "property" : {
      "description" : "vnf-id",
      "type" : "string"
    },
    "group" : "default",
    "updated-by" : "MALAKOV, YURIY <yuriy.malakov@att.com>",
    "sources" : {
      "input" : {
        "type" : "source-input"
      },
      "default" : {
        "type" : "source-default",
        "properties" : { }
      },
      "sdnc" : {
        "type" : "source-rest",
        "properties" : {
          "verb" : "GET",
          "type" : "JSON",
          "url-path" : "/restconf/config/GENERIC-RESOURCE-API:services/service/$service-instance-id/service-data/vnfs/vnf/$vnf-id/",
          "path" : "/vnf/0/vnf-id",
          "input-key-mapping" : {
            "service-instance-id" : "service-instance-id",
            "vnf-id" : "generic-vnf.vnf-id"
          },
          "output-key-mapping" : {
            "vnf-id" : "vnf-id"
          },
          "key-dependencies" : [ "service-instance-id", "generic-vnf.vnf-id" ]
        }
      }
    }
  },
  "vnf-model-customization-uuid" : {
    "tags" : "vnf-model-customization-uuid",
    "name" : "vnf-model-customization-uuid",
    "property" : {
      "description" : "vnf-model-customization-uuid",
      "type" : "string"
    },
    "group" : "default",
    "updated-by" : "Singal, Kapil <ks220y@att.com>",
    "sources" : {
      "input" : {
        "type" : "source-input",
        "properties" : { }
      }
    }
  },
  "vnf_name" : {
    "tags" : "vnf_name",
    "name" : "vnf_name",
    "property" : {
      "description" : "vnf_name",
      "type" : "string"
    },
    "group" : "default",
    "updated-by" : "MALAKOV, YURIY <yuriy.malakov@att.com>",
    "sources" : {
      "input" : {
        "type" : "source-input"
      },
      "default" : {
        "type" : "source-default",
        "properties" : { }
      },
      "sdnc" : {
        "type" : "source-rest",
        "properties" : {
          "verb" : "GET",
          "type" : "JSON",
          "url-path" : "config/GENERIC-RESOURCE-API:services/service/$service-instance-id/service-data/vnfs/vnf/$vnf-id/vnf-data/vnf-topology/vnf-parameters-data/param/vnf_name",
          "path" : "/param/0/value",
          "input-key-mapping" : {
            "service-instance-id" : "service-instance-id",
            "vnf-id" : "vnf-id"
          },
          "output-key-mapping" : {
            "vnf_name" : "value"
          },
          "key-dependencies" : [ "service-instance-id", "vnf-id" ]
        }
      }
    }
  },
  "vnfc-model-invariant-uuid" : {
    "tags" : "vnfc-model-invariant-uuid",
    "name" : "vnfc-model-invariant-uuid",
    "property" : {
      "description" : "vnfc-model-invariant-uuid",
      "type" : "string"
    },
    "group" : "default",
    "updated-by" : "MALAKOV, YURIY <yuriy.malakov@att.com>",
    "sources" : {
      "input" : {
        "type" : "source-input"
      },
      "default" : {
        "type" : "source-default",
        "properties" : { }
      },
      "processor-db" : {
        "type" : "source-db",
        "properties" : {
          "type" : "SQL",
          "query" : "select VFC_MODEL.invariant_uuid as vfc_invariant_uuid from VFC_MODEL where customization_uuid=:vfccustomizationuuid",
          "output-key-mapping" : {
            "vnfc-model-invariant-uuid" : "vfc_invariant_uuid"
          },
          "input-key-mapping" : {
            "vfccustomizationuuid" : "vfccustomizationuuid"
          },
          "key-dependencies" : [ "vfccustomizationuuid" ]
        }
      }
    }
  },
  "vnfc-model-version" : {
    "tags" : "vnfc-model-version",
    "name" : "vnfc-model-version",
    "property" : {
      "description" : "vnfc-model-version",
      "type" : "string"
    },
    "group" : "default",
    "updated-by" : "MALAKOV, YURIY <yuriy.malakov@att.com>",
    "sources" : {
      "input" : {
        "type" : "source-input"
      },
      "default" : {
        "type" : "source-default",
        "properties" : { }
      },
      "processor-db" : {
        "type" : "source-db",
        "properties" : {
          "type" : "SQL",
          "query" : "select VFC_MODEL.version as vnfc_model_version from VFC_MODEL where customization_uuid=:vfccustomizationuuid",
          "input-key-mapping" : {
            "vfccustomizationuuid" : "vfccustomizationuuid"
          },
          "output-key-mapping" : {
            "vnfc-model-version" : "vnfc_model_version"
          },
          "key-dependencies" : [ "vfccustomizationuuid" ]
        }
      }
    }
  },
  "vpg_int_private1_ip_0" : {
    "tags" : "vpg_int_private1_ip_0",
    "name" : "vpg_int_private1_ip_0",
    "property" : {
      "description" : "vpg_int_private1_ip_0",
      "type" : "string"
    },
    "group" : "default",
    "updated-by" : "MALAKOV, YURIY <yuriy.malakov@att.com>",
    "sources" : {
      "input" : {
        "type" : "source-input"
      },
      "default" : {
        "type" : "source-default",
        "properties" : { }
      },
      "sdnc" : {
        "type" : "source-rest",
        "properties" : {
          "verb" : "GET",
          "type" : "JSON",
          "url-path" : "/restconf/config/GENERIC-RESOURCE-API:services/service/$service-instance-id/service-data/vnfs/vnf/$vnf-id/vnf-data/vnf-topology/vnf-parameters-data/param/vpg_int_private1_ip_0",
          "path" : "/param/0/value",
          "input-key-mapping" : {
            "service-instance-id" : "service-instance-id",
            "vnf-id" : "vnf-id"
          },
          "output-key-mapping" : {
            "vpg_int_private1_ip_0" : "value"
          },
          "key-dependencies" : [ "service-instance-id", "vnf-id" ]
        }
      }
    }
  },
  "vpg_name_0" : {
    "tags" : "vpg_name_0",
    "name" : "vpg_name_0",
    "property" : {
      "description" : "vpg_name_0",
      "type" : "string"
    },
    "group" : "default",
    "updated-by" : "MALAKOV, YURIY <yuriy.malakov@att.com>",
    "sources" : {
      "input" : {
        "type" : "source-input"
      },
      "default" : {
        "type" : "source-default",
        "properties" : { }
      },
      "sdnc" : {
        "type" : "source-rest",
        "properties" : {
          "verb" : "GET",
          "type" : "JSON",
          "url-path" : "/restconf/config/GENERIC-RESOURCE-API:services/service/$service-instance-id/service-data/vnfs/vnf/$vnf-id/vnf-data/vnf-topology/vnf-parameters-data/param/vpg_name_0",
          "path" : "/param/0/value",
          "input-key-mapping" : {
            "service-instance-id" : "service-instance-id",
            "vnf-id" : "vnf-id"
          },
          "output-key-mapping" : {
            "vpg_name_0" : "value"
          },
          "key-dependencies" : [ "service-instance-id", "vnf-id" ]
        }
      }
    }
  },
  "vpg_onap_private_ip_0" : {
    "tags" : "vpg_onap_private_ip_0",
    "name" : "vpg_onap_private_ip_0",
    "property" : {
      "description" : "vpg_onap_private_ip_0",
      "type" : "string"
    },
    "group" : "default",
    "updated-by" : "Singal, Kapil <ks220y@att.com>",
    "sources" : {
      "input" : {
        "type" : "source-input"
      },
      "default" : {
        "type" : "source-default",
        "properties" : { }
      },
      "sdnc" : {
        "type" : "source-rest",
        "properties" : {
          "verb" : "GET",
          "type" : "JSON",
          "url-path" : "/restconf/config/GENERIC-RESOURCE-API:services/service/$service-instance-id/service-data/vnfs/vnf/$vnf-id/vnf-data/vnf-topology/vnf-parameters-data/param/vpg_onap_private_ip_0",
          "path" : "/param/0/value",
          "input-key-mapping" : {
            "service-instance-id" : "service-instance-id",
            "vnf-id" : "vnf-id"
          },
          "output-key-mapping" : {
            "vpg_onap_private_ip_0" : "value"
          },
          "key-dependencies" : [ "service-instance-id", "vnf-id" ]
        }
      }
    }
  },
  "vsn_int_private2_ip_0" : {
    "tags" : "vsn_int_private2_ip_0",
    "name" : "vsn_int_private2_ip_0",
    "property" : {
      "description" : "vsn_int_private2_ip_0",
      "type" : "string"
    },
    "group" : "default",
    "updated-by" : "MALAKOV, YURIY <yuriy.malakov@att.com>",
    "sources" : {
      "input" : {
        "type" : "source-input"
      },
      "default" : {
        "type" : "source-default",
        "properties" : { }
      },
      "sdnc" : {
        "type" : "source-rest",
        "properties" : {
          "verb" : "GET",
          "type" : "JSON",
          "url-path" : "/restconf/config/GENERIC-RESOURCE-API:services/service/$service-instance-id/service-data/vnfs/vnf/$vnf-id/vnf-data/vnf-topology/vnf-parameters-data/param/vsn_int_private2_ip_0",
          "path" : "/param/0/value",
          "input-key-mapping" : {
            "service-instance-id" : "service-instance-id",
            "vnf-id" : "vnf-id"
          },
          "output-key-mapping" : {
            "vsn_int_private2_ip_0" : "value"
          },
          "key-dependencies" : [ "service-instance-id", "vnf-id" ]
        }
      }
    }
  },
  "vsn_name_0" : {
    "tags" : "vsn_name_0",
    "name" : "vsn_name_0",
    "property" : {
      "description" : "vsn_name_0",
      "type" : "string"
    },
    "group" : "default",
    "updated-by" : "Singal, Kapil <ks220y@att.com>",
    "sources" : {
      "input" : {
        "type" : "source-input"
      },
      "default" : {
        "type" : "source-default",
        "properties" : { }
      },
      "sdnc" : {
        "type" : "source-rest",
        "properties" : {
          "verb" : "GET",
          "type" : "JSON",
          "url-path" : "/restconf/config/GENERIC-RESOURCE-API:services/service/$service-instance-id/service-data/vnfs/vnf/$vnf-id/vnf-data/vnf-topology/vnf-parameters-data/param/vsn_name_0",
          "path" : "/param/0/value",
          "input-key-mapping" : {
            "service-instance-id" : "service-instance-id",
            "vnf-id" : "vnf-id"
          },
          "output-key-mapping" : {
            "vsn_name_0" : "value"
          },
          "key-dependencies" : [ "service-instance-id", "vnf-id" ]
        }
      }
    }
  },
  "vsn_onap_private_ip_0" : {
    "tags" : "vsn_onap_private_ip_0",
    "name" : "vsn_onap_private_ip_0",
    "property" : {
      "description" : "vsn_onap_private_ip_0",
      "type" : "string"
    },
    "group" : "default",
    "updated-by" : "MALAKOV, YURIY <yuriy.malakov@att.com>",
    "sources" : {
      "input" : {
        "type" : "source-input"
      },
      "default" : {
        "type" : "source-default",
        "properties" : { }
      },
      "sdnc" : {
        "type" : "source-rest",
        "properties" : {
          "verb" : "GET",
          "type" : "JSON",
          "url-path" : "/restconf/config/GENERIC-RESOURCE-API:services/service/$service-instance-id/service-data/vnfs/vnf/$vnf-id/vnf-data/vnf-topology/vnf-parameters-data/param/vsn_onap_private_ip_0",
          "path" : "/param/0/value",
          "input-key-mapping" : {
            "service-instance-id" : "service-instance-id",
            "vnf-id" : "vnf-id"
          },
          "output-key-mapping" : {
            "vsn_onap_private_ip_0" : "value"
          },
          "key-dependencies" : [ "service-instance-id", "vnf-id" ]
        }
      }
    }
  }
}