[
  {
    "name": "service-instance-id",
    "property": {
      "description": "",
      "required": false,
      "type": "string",
      "status": "",
      "constraints": [
        {}
      ],
      "entry_schema": {
        "type": ""
      }
    },
    "input-param": false,
    "dictionary-name": "service-instance-id",
    "dictionary-source": "input",
    "dependencies": [],
    "version": 0
  },
    {
    "name": "vf-module-name",
    "property": {
      "description": "",
      "required": false,
      "type": "string",
      "status": "",
      "constraints": [
        {}
      ],
      "entry_schema": {
        "type": ""
      },
      "default": "${vf-module-name}"
    },
    "input-param": false,
    "dictionary-name": "vf-module-name",
    "dictionary-source": "default",
    "dependencies": [],
    "version": 0
  },
  {
    "name": "vf-module-label",
    "property": {
      "description": "",
      "required": false,
      "type": "string",
      "status": "",
      "constraints": [
        {}
      ],
      "entry_schema": {
        "type": ""
      }
    },
    "input-param": false,
    "dictionary-name": "vf-module-label",
    "dictionary-source": "processor-db",
    "dependencies": [
      "vf-module-model-customization-uuid"
    ],
    "version": 0
  },
  {
    "name": "vf-naming-policy",
    "property": {
      "description": "",
      "required": false,
      "type": "string",
      "status": "",
      "constraints": [
        {}
      ],
      "entry_schema": {
        "type": ""
      }
	  },
    "input-param": false,
    "dictionary-name": "vf-naming-policy",
    "dictionary-source": "sdnc",
    "dependencies": [
	  "service-instance-id",
      "vnf-id"
	],
    "version": 0
  },
  {
    "name": "vf-module-type",
    "property": {
      "description": "",
      "required": false,
      "type": "string",
      "status": "",
      "constraints": [
        {}
      ],
      "entry_schema": {
        "type": ""
      }
    },
    "input-param": false,
    "dictionary-name": "vf-module-type",
    "dictionary-source": "processor-db",
    "dependencies": [
      "vf-module-model-customization-uuid"
    ],
    "version": 0
  },
  {
    "name": "vf-module-model-customization-uuid",
    "property": {
      "description": "",
      "required": false,
      "type": "string",
      "status": "",
      "constraints": [
        {}
      ],
      "entry_schema": {
        "type": ""
      }
    },
    "input-param": false,
    "dictionary-name": "vf-module-model-customization-uuid",
    "dictionary-source": "input",
    "dependencies": [],
    "version": 0
  },
  {
    "name": "vnf-id",
    "property": {
      "description": "",
      "required": false,
      "type": "string",
      "status": "",
      "constraints": [
        {}
      ],
      "entry_schema": {
        "type": ""
      }
    },
    "input-param": false,
    "dictionary-name": "vnf-id",
    "dictionary-source": "input",
    "dependencies": [],
    "version": 0
  },
  {
    "name": "vf-module-id",
    "property": {
      "description": "",
      "required": false,
      "type": "string",
      "status": "",
      "constraints": [
        {}
      ],
      "entry_schema": {
        "type": ""
      }
    },
    "input-param": false,
    "dictionary-name": "vf-module-id",
    "dictionary-source": "input",
    "dependencies": [],
    "version": 0
  },
  {
    "name": "vnf-model-customization-uuid",
    "property": {
      "description": "",
      "required": false,
      "type": "string",
      "status": "",
      "constraints": [
        {}
      ],
      "entry_schema": {
        "type": ""
      }
    },
    "input-param": false,
    "dictionary-name": "vnf-model-customization-uuid",
    "dictionary-source": "input",
    "dependencies": [],
    "version": 0
  },
  {
    "name": "aic-cloud-region",
    "property": {
      "description": "",
      "required": false,
      "type": "string",
      "status": "",
      "constraints": [
        {}
      ],
      "entry_schema": {
        "type": ""
      }
    },
    "input-param": false,
    "dictionary-name": "aic-cloud-region",
    "dictionary-source": "input",
    "dependencies": [],
    "version": 0
  },
  {
    "name": "int_private1_net_cidr",
    "property": {
      "description": "",
      "required": false,
      "type": "string",
      "status": "",
      "constraints": [
        {}
      ],
      "entry_schema": {
        "type": ""
      }
    },
    "input-param": false,
    "dictionary-name": "int_private1_net_cidr",
    "dictionary-source": "sdnc",
    "dependencies": [
      "service-instance-id",
      "vnf-id"
    ],
    "version": 0
  },
  {
    "name": "int_private2_net_cidr",
    "property": {
      "description": "",
      "required": false,
      "type": "string",
      "status": "",
      "constraints": [
        {}
      ],
      "entry_schema": {
        "type": ""
      }
    },
    "input-param": false,
    "dictionary-name": "int_private2_net_cidr",
    "dictionary-source": "sdnc",
    "dependencies": [
      "service-instance-id",
      "vnf-id"
    ],
    "version": 0
  },
  {
    "name": "vnf_name",
    "property": {
      "description": "",
      "required": false,
      "type": "string",
      "status": "",
      "constraints": [
        {}
      ],
      "entry_schema": {
        "type": ""
      }
    },
    "input-param": false,
    "dictionary-name": "vnf_name",
    "dictionary-source": "sdnc",
    "dependencies": [
      "service-instance-id",
      "vnf-id"
    ],
    "version": 0
  },
  {
    "name": "pub_key",
    "property": {
      "description": "",
      "required": false,
      "type": "string",
      "status": "",
      "constraints": [
        {}
      ],
      "entry_schema": {
        "type": ""
      }
    },
    "input-param": false,
    "dictionary-name": "pub_key",
    "dictionary-source": "sdnc",
    "dependencies": [
      "service-instance-id",
      "vnf-id"
    ],
    "version": 0
  },
  {
    "name": "vf-module-model-invariant-uuid",
    "property": {
      "type": "string"
    },
    "input-param": false,
    "dictionary-name": "vf-module-model-invariant-uuid",
    "dictionary-source": "processor-db",
    "dependencies": [
      "vf-module-model-customization-uuid"
    ]
  },
  {
    "name": "vf-module-model-version",
    "property": {
      "type": "string"
    },
    "input-param": false,
    "dictionary-name": "vf-module-model-version",
    "dictionary-source": "processor-db",
    "dependencies": [
      "vf-module-model-customization-uuid"
    ]
  },
  {
    "name": "k8s-rb-profile-name",
    "property": {
      "description": "Profile name used in multicloud/k8s plugin to identify Helm chart(s) where this mapping is providing override values.",
      "type": "string"
    },
    "input-param": false,
    "dictionary-name": "k8s-rb-profile-name",
    "dictionary-source": "sdnc",
    "dependencies": [
      "service-instance-id",
      "vnf-id"
    ]
  },
  {
    "name": "k8s-rb-profile-namespace",
    "property": {
      "description": "K8s namespace to create helm chart for specified profile",
      "type": "string",
      "default": "default"
    },
    "input-param": false,
    "dictionary-name": "k8s-rb-profile-namespace",
    "dictionary-source": "default",
    "dependencies": [
      "service-instance-id",
      "vnf-id"
    ]
  },
  {
    "name": "int_private1_gw_ip",
    "property": {
      "description": "Private unprotected network gateway ip",
      "type": "string"
    },
    "input-param": false,
    "dictionary-name": "int_private1_gw_ip",
    "dictionary-source": "sdnc",
    "dependencies": [
      "service-instance-id",
      "vnf-id"
    ]
  },
  {
    "name": "int_private1_net_id",
    "property": {
      "description": "Private unprotected network identification",
      "type": "string"
    },
    "input-param": false,
    "dictionary-name": "int_private1_net_id",
    "dictionary-source": "sdnc",
    "dependencies": [
      "service-instance-id",
      "vnf-id"
    ]
  },
  {
    "name": "int_private1_subnet_id",
    "property": {
      "description": "Private unprotected subnetwork identification",
      "type": "string"
    },
    "input-param": false,
    "dictionary-name": "int_private1_subnet_id",
    "dictionary-source": "sdnc",
    "dependencies": [
      "service-instance-id",
      "vnf-id"
    ]
  },
  {
    "name": "int_private2_gw_ip",
    "property": {
      "description": "Private protected network gateway ip",
      "type": "string"
    },
    "input-param": false,
    "dictionary-name": "int_private2_gw_ip",
    "dictionary-source": "sdnc",
    "dependencies": [
      "service-instance-id",
      "vnf-id"
    ]
  },
  {
    "name": "int_private2_net_id",
    "property": {
      "description": "Private protected network identification",
      "type": "string"
    },
    "input-param": false,
    "dictionary-name": "int_private2_net_id",
    "dictionary-source": "sdnc",
    "dependencies": [
      "service-instance-id",
      "vnf-id"
    ]
  },
  {
    "name": "int_private2_subnet_id",
    "property": {
      "description": "Private protected subnetwork identification",
      "type": "string"
    },
    "input-param": false,
    "dictionary-name": "int_private2_subnet_id",
    "dictionary-source": "sdnc",
    "dependencies": [
      "service-instance-id",
      "vnf-id"
    ]
  },
  {
    "name": "onap_private_gw_ip",
    "property": {
      "description": "Private onap management network gateway ip",
      "type": "string"
    },
    "input-param": false,
    "dictionary-name": "onap_private_gw_ip",
    "dictionary-source": "sdnc",
    "dependencies": [
      "service-instance-id",
      "vnf-id"
    ]
  },
  {
    "name": "onap_private_net_id",
    "property": {
      "description": "Private onap management network identification",
      "type": "string"
    },
    "input-param": false,
    "dictionary-name": "onap_private_net_id",
    "dictionary-source": "sdnc",
    "dependencies": [
      "service-instance-id",
      "vnf-id"
    ]
  },
  {
    "name": "onap_private_subnet_id",
    "property": {
      "description": "Private onap management subnetwork identification",
      "type": "string"
    },
    "input-param": false,
    "dictionary-name": "onap_private_subnet_id",
    "dictionary-source": "sdnc",
    "dependencies": [
      "service-instance-id",
      "vnf-id"
    ]
  }
]
